OpenDSS Value (p.u.),Bus
1.0511569384428074,p1ulv4193
1.0571529839549307,p1ulv4110
1.0699788529686802,p1ulv4140
1.0707672272824373,p1udm3887
1.1330772539961727,p1udm3889
1.1433267628462696,p1ulv7633
