fb,tb,ratio_a,ratio_b,ratio_c,phases,tap_a,tap_b,tap_c
1,2,1.0,1.0,1.0,abc,0.0,0.0,0.0
10,11,1.08125,1.0312500000000002,1.0312500000000002,abc,13.000000000000007,5.0000000000000355,5.0000000000000355
45,46,1.075,1.0750000000000002,1.075,abc,11.999999999999993,12.000000000000028,11.999999999999993
28,47,1.0,1.0,1.0,abc,0.0,0.0,0.0
